DATE,주간 실업수당 청구 건수,소비자심리지수,주택 판매 지수,고용률,실업률,M2 통화량,하이일드 채권 스프레드,소비자 물가,미국 GDP,WTI 원유,본원통화량,금리변화량,S&P 500 지수,KOSPI 지수,VIX 지수,미국 달러 지수,환율,3년만기 미국 국채 수익률,10년만기 미국 국채 수익률,3년만기 한국 국채 수익률,10년만기 한국 국채 수익률,코스피 200 커뮤니케이션서비스,코스피 200 건설,코스피 200 중공업,코스피 200 철강/소재,코스피 200 에너지/화학,코스피 200 정보기술,코스피 200 금융,코스피 200 생활소비재,코스피 200 경기소비재,코스피 200 산업재,코스피 200 헬스케어,코스닥 150 소재,코스닥 150 산업재,코스닥 150 필수소비재,코스닥 150 자유소비재,코스닥 150 정보기술,코스닥 150 헬스케어,코스닥 150 커뮤니케이션서비스
2000-01-31,312000.0,111.3,856.0,64.6,4.1,4678.9,4.87,2.8261711188540204,10247.679,27.65,578000.0,5.24,1273.46,943.88,24.95,104.97,1123.5,1.8880000000000001,6.662000000000001,9.0,8.3,,,,,,,,,,,,,,,,,,
2000-02-29,286000.0,107.1,900.0,64.6,4.0,4689.4,5.08,2.8261711188540204,10247.679,30.57,577100.0,5.34,1273.46,828.38,23.37,105.88,1131.11,1.8880000000000001,6.409,8.91,8.3,,,,,,,,,,,,,,,,,,
2000-03-31,266000.0,109.2,841.0,64.7,3.8,4739.1,5.75,2.8261711188540204,10247.679,26.86,578600.0,5.5,1273.46,860.94,24.11,105.16,1105.25,1.8880000000000001,6.002000000000001,9.0,8.3,,,,,,,,,,,,,,,,,,
2000-04-30,293000.0,110.7,857.0,64.4,4.0,4766.1,5.88,2.8261711188540204,10319.825,25.84,580600.0,5.71,1273.46,752.59,25.88,109.5,1110.0,1.8880000000000001,6.284,8.92,8.3,,,,,,,,,,,,,,,,,,
2000-05-31,290000.0,106.4,793.0,64.5,4.0,4770.6,6.16,2.8261711188540204,10319.825,29.03,582000.0,6.0,1273.46,731.88,23.65,108.69,1129.5,1.8880000000000001,6.285,8.87,8.3,,,,,,,,,,,,,,,,,,
2000-06-30,281000.0,108.3,887.0,64.2,4.0,4778.2,6.17,2.8261711188540204,10319.825,32.44,584200.0,6.0,1273.46,821.22,19.54,106.58,1115.03,1.8880000000000001,6.027,8.31,8.3,,,,,,,,,,,,,,,,,,
2000-07-31,306000.0,107.3,848.0,64.2,4.1,4797.7,6.26,2.8261711188540204,10439.025,27.5,583400.0,6.0,1273.46,705.97,20.74,109.37,1116.75,1.8880000000000001,6.04,8.07,8.3,,,,,,,,,,,,,,,,,,
2000-08-31,301000.0,106.8,912.0,64.2,3.9,4839.7,6.43,2.8261711188540204,10439.025,33.09,583800.0,6.0,1273.46,688.62,16.84,112.57,1108.75,1.8880000000000001,5.729,7.79,8.3,,,,,,,,,,,,,,,,,,
2000-09-30,292000.0,105.8,933.0,64.2,3.9,4865.8,6.77,2.8261711188540204,10439.025,32.05,585300.0,6.0,1273.46,589.22,21.23,113.55,1118.15,1.8880000000000001,5.831,8.07,8.3,,,,,,,,,,,,,,,,,,
2000-10-31,331000.0,107.6,880.0,64.3,3.9,4870.9,7.79,2.8261711188540204,10472.879,32.7,590300.0,6.0,1273.46,514.48,23.63,116.62,1137.5,1.8880000000000001,5.761,7.64,8.15,,,,,,,,,,,,,,,,,,
2000-11-30,338000.0,98.4,983.0,64.4,3.9,4899.8,9.06,2.8261711188540204,10472.879,33.61,598300.0,6.0,1273.46,509.23,29.65,115.1,1215.5,1.8880000000000001,5.478,7.16,7.75,,,,,,,,,,,,,,,,,,
2000-12-31,337000.0,94.7,936.0,64.4,4.2,4959.2,9.16,2.8261711188540204,10472.879,26.72,598700.0,5.52,1273.46,520.95,29.99,108.64,1278.0,1.8880000000000001,4.921,6.7,7.26,,,,,,,,,,,,,,,,,,
2001-01-31,376000.0,90.6,963.0,64.3,4.2,4995.5,7.87,1.58603162650603,10597.822,28.62,595900.0,5.0,1273.46,617.91,22.02,110.53,1257.0,1.8880000000000001,5.112,5.68,6.55,,,,,,,,,,,,,,,,,,
2001-02-28,384000.0,91.5,939.0,64.3,4.3,5052.2,7.7,1.58603162650603,10597.822,27.35,599100.0,4.81,1273.46,578.1,28.35,112.0,1253.95,1.8880000000000001,4.904,5.5,6.85,,,,,,,,,,,,,,,,,,
2001-03-31,388000.0,88.4,909.0,64.0,4.4,5105.6,8.18,1.58603162650603,10597.822,25.7,601700.0,4.28,1273.46,515.2,31.21,117.5,1349.5,1.8880000000000001,4.973,6.4,7.51,,,,,,,,,,,,,,,,,,
2001-04-30,381000.0,92.0,885.0,63.8,4.3,5132.8,8.06,1.58603162650603,10596.294,28.48,605900.0,3.73,1273.46,577.36,25.48,115.95,1317.0,1.8880000000000001,5.336,6.81,7.85,,,,,,,,,,,,,,,,,,
2001-05-31,406000.0,92.6,882.0,63.7,4.5,5162.0,7.68,1.58603162650603,10596.294,28.39,609100.0,3.47,1273.46,612.16,22.64,119.19,1281.0,1.8880000000000001,5.385,6.1,7.26,,,,,,,,,,,,,,,,,,
2001-06-30,394000.0,92.4,880.0,63.7,4.6,5187.3,8.16,1.58603162650603,10596.294,26.02,616000.0,3.25,1273.46,596.74,18.76,119.96,1300.0,1.8880000000000001,5.325,5.98,6.77,,,,,,,,,,,,,,,,,,
2001-07-31,401000.0,91.5,866.0,63.2,4.9,5222.8,8.27,1.58603162650603,10660.294,26.7,622400.0,3.16,1273.46,541.55,21.62,117.39,1298.0,1.8880000000000001,5.055,5.56,6.78,,,,,,,,,,,,,,,,,,
2001-08-31,402000.0,81.8,853.0,63.5,5.0,5255.4,8.05,1.58603162650603,10660.294,26.65,647200.0,2.77,1273.46,545.11,24.92,113.54,1280.0,1.8880000000000001,4.84,5.14,6.2,,,,,,,,,,,,,,,,,,
2001-09-30,476000.0,82.7,871.0,63.2,5.3,5341.4,10.18,1.58603162650603,10660.294,23.12,635200.0,2.02,1273.46,479.68,31.93,113.96,1304.0,1.8880000000000001,4.59,4.51,6.04,,,,,,,,,,,,,,,,,,
2001-10-31,440000.0,83.9,924.0,63.0,5.5,5362.3,9.61,1.58603162650603,10788.952,21.2,639500.0,1.58,1273.46,537.81,33.56,115.15,1291.0,1.8880000000000001,4.244,4.99,6.81,,,,,,,,,,,,,,,,,,
2001-11-30,465000.0,88.8,979.0,62.9,5.7,5400.6,8.39,1.58603162650603,10788.952,19.46,650800.0,1.33,1273.46,643.89,23.84,115.55,1268.0,1.8880000000000001,4.754,5.7,6.9,,,,,,,,,,,,,,,,,,
2001-12-31,397000.0,93.0,880.0,62.7,5.7,5450.0,8.24,1.58603162650603,10788.952,19.96,653800.0,1.25,1273.46,724.95,23.8,117.21,1313.5,1.8880000000000001,5.029,6.1,7.08,,,,,,,,,,,,,,,,,,
2002-01-31,404000.0,90.7,948.0,63.0,5.7,5473.0,7.89,2.2700949733611298,10893.207,19.71,654600.0,1.25,1273.46,748.07,21.09,120.59,1309.4,1.8880000000000001,5.046,6.05,7.12,,,,,,,,,,,,,,,,,,
2002-02-28,392000.0,95.7,923.0,62.8,5.7,5495.8,8.19,2.2700949733611298,10893.207,21.78,659000.0,1.25,1273.46,819.99,21.59,119.28,1318.8,1.8880000000000001,4.874,5.73,6.87,,,,,,,,,,,,,,,,,,
2002-03-31,445000.0,93.0,936.0,62.7,5.9,5501.6,7.08,2.2700949733611298,10893.207,26.82,663400.0,1.25,1273.46,895.58,18.73,118.19,1320.9,1.8880000000000001,5.426,6.42,7.34,,,,,,,,,,,,,,,,,,
2002-04-30,409000.0,96.9,978.0,62.9,5.8,5508.4,6.88,2.2700949733611298,10992.051000000001,27.32,668600.0,1.25,1273.46,842.34,21.91,115.4,1289.0,1.8880000000000001,5.0889999999999995,6.37,7.21,,,,,,,,,,,,,,,,,,
2002-05-31,378000.0,92.4,957.0,62.7,5.8,5521.9,7.28,2.2700949733611298,10992.051000000001,25.37,674000.0,1.25,1273.46,796.4,19.98,111.91,1214.3,1.8880000000000001,5.045,6.11,6.79,,,,,,,,,,,,,,,,,,
2002-06-30,391000.0,88.1,956.0,62.7,5.8,5566.5,8.75,2.2700949733611298,10992.051000000001,26.79,679300.0,1.25,1273.46,742.72,25.4,106.55,1203.0,1.8880000000000001,4.809,5.68,6.6,,,,,,,,,,,,,,,,,,
2002-07-31,388000.0,87.6,1014.0,62.7,5.7,5622.4,9.71,2.2700949733611298,11071.463,27.02,679800.0,1.25,1273.46,717.99,32.03,107.7,1178.0,1.8880000000000001,4.459,5.59,6.16,,,,,,,,,,,,,,,,,,
2002-08-31,394000.0,86.1,1044.0,63.0,5.7,5641.4,9.61,2.2700949733611298,11071.463,28.97,680400.0,1.25,1273.46,736.4,32.64,106.87,1196.9,1.8880000000000001,4.13,5.49,6.1,,,,,,,,,,,,,,,,,,
2002-09-30,404000.0,80.6,1006.0,62.7,5.7,5667.5,10.33,2.2700949733611298,11071.463,30.59,681900.0,1.25,1273.46,646.42,39.69,107.26,1222.7,1.8880000000000001,3.6,5.25,6.09,,,,,,,,,,,,,,,,,,
2002-10-31,405000.0,84.2,1024.0,62.5,5.9,5736.0,10.59,2.2700949733611298,11183.507,27.18,688500.0,0.83,1273.46,658.92,31.14,106.82,1224.0,1.8880000000000001,3.895,5.31,5.97,,,,,,,,,,,,,,,,,,
2002-11-30,377000.0,86.7,1048.0,62.4,6.0,5769.2,8.83,2.2700949733611298,11183.507,27.27,699200.0,0.75,1273.46,724.8,27.5,106.5,1202.85,1.8880000000000001,4.211,5.41,5.88,,,,,,,,,,,,,,,,,,
2002-12-31,393000.0,82.4,999.0,62.5,5.8,5785.4,8.9,2.2700949733611298,11183.507,31.21,699300.0,2.25,1273.46,635.17,28.62,102.26,1186.05,1.8880000000000001,3.818,5.13,5.59,,,,,,,,,,,,,,,,,,
2003-01-31,413000.0,79.9,936.0,62.5,5.9,5815.8,8.29,2.67723669309173,11312.875,33.51,701000.0,2.25,1273.46,600.41,31.17,100.14,1164.0,1.8880000000000001,3.966,4.79,5.1,,,,,,,,,,,,,,,,,,
2003-02-28,436000.0,77.6,999.0,62.4,5.9,5840.9,8.38,2.67723669309173,11312.875,36.76,705300.0,2.25,1273.46,575.43,29.63,99.81,1193.65,1.8880000000000001,3.6919999999999997,4.6,5.0,,,,,,,,,,,,,,,,,,
2003-03-31,417000.0,86.0,1012.0,62.4,6.0,5870.3,7.72,2.67723669309173,11312.875,31.14,709600.0,2.25,1273.46,535.7,29.15,99.49,1251.0,1.8880000000000001,3.802,4.6,5.01,,,,,,,,,,,,,,,,,,
2003-04-30,428000.0,92.1,1078.0,62.3,6.1,5959.9,6.44,2.67723669309173,11567.326000000001,26.09,713700.0,2.25,1273.46,599.35,21.21,97.38,1214.5,1.8880000000000001,3.84,4.5,4.91,,,,,,,,,,,,,,,,,,
2003-05-31,431000.0,89.7,1193.0,62.3,6.3,5969.1,6.79,2.67723669309173,11567.326000000001,30.72,715000.0,2.0,1273.46,648.71,20.85,93.46,1202.5,1.5730000000000002,3.412,4.11,4.44,,,,,,,,,,,,,,,,,,
2003-06-30,433000.0,90.9,1168.0,62.1,6.2,6016.0,6.13,2.67723669309173,11567.326000000001,30.15,717600.0,2.0,1273.46,669.93,19.52,95.11,1195.0,1.599,3.516,4.17,4.58,,,,,,,,,,,,,,,,,,
2003-07-31,401000.0,89.3,1206.0,62.1,6.1,6088.5,5.67,2.67723669309173,11769.275,30.56,720900.0,2.0,1273.46,713.52,19.49,97.14,1180.5,2.169,4.41,4.62,5.25,,,,,,,,,,,,,,,,,,
2003-08-31,422000.0,87.7,1131.0,62.0,6.1,6098.2,5.46,2.67723669309173,11769.275,31.76,721100.0,2.0,1273.46,764.11,19.02,98.08,1175.45,2.499,4.458,4.5,5.03,,,,,,,,,,,,,,,,,,
2003-09-30,386000.0,89.6,1144.0,62.1,6.0,6057.5,5.51,2.67723669309173,11769.275,29.19,724800.0,2.0,1273.46,697.52,22.72,93.2,1149.0,1.868,3.94,4.15,4.62,,,,,,,,,,,,,,,,,,
2003-10-31,363000.0,93.7,1093.0,62.3,5.8,6057.1,4.73,2.67723669309173,11920.169,29.24,730600.0,2.0,1273.46,782.36,16.1,92.88,1183.5,2.248,4.297,4.51,5.2,,,,,,,,,,,,,,,,,,
2003-11-30,367000.0,92.6,1129.0,62.2,5.7,6073.9,4.48,2.67723669309173,11920.169,29.89,739400.0,2.0,1273.46,807.39,16.77,90.43,1201.0,2.5580000000000003,4.386,4.96,5.44,,,,,,,,,,,,,,,,,,
2003-12-31,356000.0,103.8,1165.0,62.3,5.7,6066.0,4.18,2.67723669309173,11920.169,32.51,736400.0,2.0,1273.46,821.26,18.31,87.26,1192.5,2.3040000000000003,4.253,4.82,5.35,,,,,,,,,,,,,,,,,,
2004-01-31,376000.0,94.4,1159.0,62.3,5.6,6097.6,4.05,3.3927468454954703,12108.987,34.02,735300.0,2.0,1273.46,848.5,16.63,87.42,1171.5,2.211,4.1339999999999995,4.93,5.49,,,,,,,,,,,,,,,,,,
2004-02-29,344000.0,95.8,1276.0,62.2,5.8,6130.2,4.34,3.3927468454954703,12108.987,36.85,736800.0,2.0,1273.46,883.42,14.55,87.42,1178.5,2.162,3.972,4.77,5.43,,,,,,,,,,,,,,,,,,
2004-03-31,335000.0,94.2,1186.0,62.3,5.6,6174.3,4.41,3.3927468454954703,12108.987,35.75,741200.0,2.0,1273.46,880.5,16.74,87.95,1143.0,1.9380000000000002,3.8369999999999997,4.49,5.21,,,,,,,,,,,,,,,,,,
2004-04-30,324000.0,90.2,1241.0,62.3,5.6,6239.3,3.91,3.3927468454954703,12303.34,37.31,745000.0,2.0,1273.46,862.84,17.19,90.68,1173.35,2.739,4.51,4.49,5.19,,,,,,,,,,,,,,,,,,
2004-05-31,355000.0,95.6,1180.0,62.4,5.6,6272.3,4.28,3.3927468454954703,12303.34,39.9,750700.0,2.25,1273.46,803.84,16.3,88.91,1160.05,3.0580000000000003,4.703,4.22,4.93,,,,,,,,,,,,,,,,,,
2004-06-30,326000.0,96.7,1088.0,62.5,5.5,6269.5,4.1,3.3927468454954703,12303.34,36.92,757300.0,2.25,1273.46,785.79,14.34,89.0,1154.5,3.0780000000000003,4.583,4.27,4.97,,,,,,,,,,,,,,,,,,
2004-07-31,341000.0,95.9,1175.0,62.4,5.4,6294.7,4.02,3.3927468454954703,12522.425,43.83,757200.0,2.5,1273.46,719.59,15.37,89.93,1164.5,2.947,4.453,4.11,4.68,,,,,,,,,,,,,,,,,,
2004-08-31,326000.0,94.2,1214.0,62.3,5.4,6321.4,4.06,3.3927468454954703,12522.425,42.23,762200.0,2.75,1273.46,803.57,15.29,88.96,1151.85,2.708,4.24,3.56,4.1,,,,,,,,,,,,,,,,,,
2004-09-30,335000.0,91.7,1305.0,62.3,5.5,6354.3,3.83,3.3927468454954703,12522.425,49.56,763900.0,2.75,1273.46,835.09,13.34,87.51,1151.5,2.815,4.123,3.56,4.01,,,,,,,,,,,,,,,,,,
2004-10-31,330000.0,92.8,1179.0,62.5,5.4,6394.8,3.63,3.3927468454954703,12761.337,50.1,770500.0,3.0,1273.46,835.66,16.27,85.34,1120.5,2.761,4.072,3.48,3.95,,,,,,,,,,,,,,,,,,
2004-11-30,343000.0,97.1,1242.0,62.4,5.4,6405.9,3.17,3.3927468454954703,12761.337,49.16,776300.0,3.25,1273.46,878.06,13.24,81.82,1048.5,3.2510000000000003,4.355,3.31,3.93,,,,,,,,,,,,,,,,,,
2004-12-31,356000.0,95.5,1203.0,62.4,5.3,6387.9,3.1,3.3927468454954703,12761.337,43.36,775200.0,3.25,1273.46,893.71,13.29,81.0,1035.2,3.2239999999999998,4.2219999999999995,3.27,3.81,,,,,,,,,,,,,,,,,,
2005-01-31,307000.0,94.1,1319.0,62.4,5.4,6415.3,3.29,3.2259441007040697,12910.021999999999,48.25,772900.0,3.5,1273.46,932.7,12.82,83.64,1026.5,3.4019999999999997,4.132,4.1,4.86,,,,,,,,,,,,,,,,,,
2005-02-28,333000.0,92.6,1328.0,62.4,5.2,6437.6,2.83,3.2259441007040697,12910.021999999999,51.75,773500.0,3.75,1273.46,1011.36,12.08,82.51,1004.5,3.766,4.381,4.16,4.76,,,,,,,,,,,,,,,,,,
2005-03-31,335000.0,87.7,1260.0,62.7,5.2,6449.4,3.52,3.2259441007040697,12910.021999999999,55.31,775500.0,3.75,1273.46,965.68,14.02,84.05,1017.5,3.931,4.488,3.9,4.72,,,,,,,,,,,,,,,,,,
2005-04-30,334000.0,86.9,1286.0,62.8,5.1,6464.9,4.19,3.2259441007040697,13142.873,50.94,776400.0,4.0,1273.46,918.42,15.12,84.45,1001.5,3.6860000000000004,4.194,3.76,4.59,,,,,,,,,,,,,,,,,,
2005-05-31,338000.0,96.0,1274.0,62.7,5.0,6484.2,4.13,3.2259441007040697,13142.873,52.08,780700.0,4.25,1273.46,970.21,13.29,87.8,1007.5,3.6310000000000002,3.987,3.68,4.36,,,,,,,,,,,,,,,,,,
2005-06-30,327000.0,96.5,1389.0,62.8,5.0,6516.4,3.85,3.2259441007040697,13142.873,56.63,782900.0,4.25,1273.46,1008.16,12.04,88.98,1035.5,3.653,3.9210000000000003,3.96,4.73,,,,,,,,,,,,,,,,,,
2005-07-31,311000.0,89.1,1255.0,62.9,4.9,6562.5,3.3,3.2259441007040697,13332.316,61.51,782700.0,4.5,1273.46,1115.98,12.08,88.7,1025.5,4.081,4.316,4.23,5.09,,,,,,,,,,,,,,,,,,
2005-08-31,326000.0,76.9,1244.0,62.8,5.0,6586.8,3.66,3.2259441007040697,13332.316,68.63,787900.0,4.75,1273.46,1083.33,12.6,87.54,1038.5,3.825,4.013999999999999,4.22,4.62,,,,,,,,,,,,,,,,,,
2005-09-30,384000.0,74.2,1336.0,62.8,5.0,6617.6,3.54,3.2259441007040697,13332.316,66.21,787200.0,4.75,1273.46,1221.01,11.92,89.35,1043.5,4.17,4.332,4.61,5.12,,,,,,,,,,,,,,,,,,
2005-10-31,325000.0,81.6,1214.0,62.7,5.0,6641.4,3.61,3.2259441007040697,13603.933,59.8,793500.0,5.0,1273.46,1158.11,15.32,89.93,1043.4,4.4030000000000005,4.5569999999999995,4.96,5.48,,,,,,,,,,,,,,,,,,
2005-11-30,321000.0,91.5,1239.0,62.8,4.9,6665.0,3.67,3.2259441007040697,13603.933,57.33,803100.0,5.25,1273.46,1297.44,12.06,91.51,1037.5,4.417,4.49,5.08,5.69,,,,,,,,,,,,,,,,,,
2005-12-31,302000.0,91.2,1174.0,62.9,4.7,6696.1,3.71,3.2259441007040697,13603.933,61.06,804200.0,5.5,1273.46,1389.27,11.14,89.57,1012.82,4.315,4.37,5.09,5.71,,,,,,,,,,,,,,,,,,
2006-01-31,289000.0,86.7,1061.0,63.0,4.8,6728.1,3.42,2.8526724815013598,13749.806,67.86,804900.0,5.5,1280.08,1399.83,12.95,88.81,959.87,4.487,4.519,4.92,5.46,,,,,,,,,,,,,,,,,,
2006-02-28,302000.0,88.9,1116.0,63.1,4.7,6765.1,3.37,2.8526724815013598,13749.806,61.37,810100.0,5.75,1280.66,1371.59,12.34,90.08,971.0,4.662,4.5569999999999995,4.94,5.25,,,,,,,,,,,,,,,,,,
2006-03-31,291000.0,87.4,1123.0,63.0,4.7,6769.3,3.13,2.8526724815013598,13749.806,66.25,809200.0,5.75,1294.87,1359.6,11.39,89.39,971.6,4.828,4.853,4.92,5.41,,,,,,,,,,,,,,,,,,
2006-04-30,347000.0,79.1,1086.0,63.1,4.6,6809.0,3.04,2.8526724815013598,13867.469,73.75,812600.0,6.0,1310.61,1419.73,11.59,85.88,943.2,4.873,5.0569999999999995,4.83,5.24,,,,,,,,,,,,,,,,,,
2006-05-31,307000.0,84.9,1074.0,63.1,4.6,6820.6,3.12,2.8526724815013598,13867.469,71.42,812400.0,6.25,1270.09,1295.09,16.44,84.65,945.7,5.032,5.122999999999999,4.71,5.17,,,,,,,,,,,,,,,,,,
2006-06-30,316000.0,84.7,965.0,63.0,4.7,6863.3,3.35,2.8526724815013598,13867.469,73.94,811500.0,6.25,1270.2,1295.15,13.08,84.9,948.75,5.131,5.145,4.94,5.2,,,,,,,,,,,,,,,,,,
2006-07-31,318000.0,82.0,1035.0,63.1,4.7,6885.6,3.45,2.8526724815013598,14037.228000000001,74.56,809700.0,6.25,1276.66,1297.82,14.95,85.09,955.15,4.9239999999999995,4.988,4.83,5.05,,,,,,,,,,,,,,,,,,
2006-08-31,315000.0,85.4,1016.0,63.1,4.5,6936.1,3.49,2.8526724815013598,14037.228000000001,70.38,810400.0,6.25,1303.82,1352.74,12.31,85.02,961.3,4.7139999999999995,4.732,4.76,4.96,,,,,,,,,,,,,,,,,,
2006-09-30,309000.0,93.6,941.0,63.3,4.4,6961.1,3.44,2.8526724815013598,14037.228000000001,60.96,809800.0,6.25,1335.85,1371.41,11.98,85.68,946.25,4.617,4.633,4.56,4.72,,,,,,,,,,,,,,,,,,
2006-10-31,319000.0,92.1,1003.0,63.3,4.5,7007.8,3.29,2.8526724815013598,14208.569,58.72,816800.0,6.25,1377.94,1364.55,11.1,85.11,942.25,4.619,4.604,4.7,4.91,,,,,,,,,,,,,,,,,,
2006-11-30,327000.0,91.7,998.0,63.4,4.4,7046.3,3.2,2.8526724815013598,14208.569,62.97,826700.0,6.25,1400.63,1432.21,10.91,82.85,929.35,4.513,4.462,4.81,4.96,,,,,,,,,,,,,,,,,,
2006-12-31,330000.0,96.9,891.0,63.3,4.6,7097.0,2.89,2.8526724815013598,14208.569,60.85,823000.0,6.25,1418.3,1435.26,11.56,83.43,930.0,4.735,4.7,4.92,5.05,,,,,,,,,,,,,,,,,,
2007-01-31,310000.0,91.3,828.0,63.3,4.5,7115.8,2.72,3.8391002966510097,14382.363000000001,58.17,820000.0,6.25,1438.24,1360.23,10.42,84.43,941.5,4.85,4.814,5.01,5.04,,,,,,,,,,,,,,,,,,
2007-02-28,320000.0,88.4,833.0,63.3,4.4,7124.0,2.82,3.8391002966510097,14382.363000000001,61.78,820900.0,6.25,1406.82,1417.34,15.42,83.5,941.7,4.573,4.577,4.86,4.92,,,,,,,,,,,,,,,,,,
2007-03-31,307000.0,87.1,887.0,63.0,4.5,7199.4,2.85,3.8391002966510097,14382.363000000001,66.03,823000.0,6.25,1420.86,1452.55,14.64,82.66,940.85,4.537,4.648,4.74,4.93,,,,,,,,,,,,,,,,,,
2007-04-30,300000.0,88.3,842.0,63.0,4.4,7231.8,2.74,3.8391002966510097,14535.003,65.78,825700.0,6.25,1482.37,1542.24,14.22,81.3,930.85,4.531000000000001,4.628,5.05,5.15,,,,,,,,,,,,,,,,,,
2007-05-31,313000.0,85.3,793.0,63.0,4.6,7257.3,2.46,3.8391002966510097,14535.003,64.02,827200.0,6.25,1530.62,1700.91,13.05,82.25,927.75,4.875,4.8919999999999995,5.18,5.32,,,,,,,,,,,,,,,,,,
2007-06-30,317000.0,90.4,778.0,62.9,4.7,7298.3,2.98,3.8391002966510097,14535.003,71.11,828900.0,6.25,1503.35,1743.6,16.23,81.69,923.9,4.891,5.027,5.27,5.52,,,,,,,,,,,,,,,,,,
2007-07-31,314000.0,83.4,699.0,62.7,4.6,7336.3,4.19,3.8391002966510097,14681.501,78.2,829600.0,5.75,1455.27,1933.27,23.52,80.66,919.35,4.498,4.7330000000000005,5.22,5.38,,,,,,,,,,,,,,,,,,
2007-08-31,314000.0,83.4,686.0,62.9,4.7,7409.1,4.55,3.8391002966510097,14681.501,73.98,827400.0,5.25,1473.99,1873.24,23.38,80.745,938.35,4.148,4.527,5.42,5.55,,,,,,,,,,,,,,,,,,
2007-09-30,316000.0,80.9,727.0,62.7,4.7,7409.5,4.2,3.8391002966510097,14681.501,80.31,829000.0,5.0,1547.04,1946.48,18.0,77.625,915.15,4.023,4.593999999999999,5.47,5.6,,,,,,,,,,,,,,,,,,
2007-10-31,327000.0,76.1,641.0,62.9,4.7,7422.5,4.36,3.8391002966510097,14651.038999999999,94.16,834300.0,5.0,1549.38,2064.85,18.53,76.46,900.8,3.928,4.473,5.43,5.57,,,,,,,,,,,,,,,,,,
2007-11-30,344000.0,75.5,619.0,62.7,5.0,7454.6,5.75,3.8391002966510097,14651.038999999999,88.6,837200.0,4.75,1481.14,1906.0,22.87,76.17,921.15,2.968,3.949,5.81,5.84,,,,,,,,,,,,,,,,,,
2007-12-31,346000.0,78.4,627.0,62.9,5.0,7481.3,5.92,3.8391002966510097,14651.038999999999,95.95,830600.0,3.5,1468.36,1853.45,22.5,76.7,936.0,1.605,4.035,5.79,5.74,,,,,,,,,,,,,,,,,,
2008-01-31,350000.0,70.8,593.0,62.8,4.9,7567.0,6.95,-0.35554626629975,14805.611,91.67,829500.0,3.5,1378.55,1624.68,26.2,75.285,943.85,1.605,3.597,5.04,5.23,,742.93,710.71,851.63,761.48,960.88,877.0,952.05,898.6,,,,,,,,,
2008-02-29,345000.0,69.5,535.0,62.7,5.1,7619.9,7.67,-0.35554626629975,14805.611,101.78,833000.0,2.5,1330.63,1711.62,26.54,73.75,939.05,1.605,3.5189999999999997,4.96,5.24,,923.86,871.79,927.75,914.17,1009.81,866.27,901.07,889.96,,,,,,,,,
2008-03-31,354000.0,62.6,536.0,62.7,5.0,7673.9,8.21,-0.35554626629975,14805.611,101.54,830200.0,2.25,1322.7,1703.99,25.61,72.165,990.35,1.605,3.4210000000000003,5.1,5.36,,890.06,837.07,853.53,826.22,1121.05,855.79,888.69,968.45,,,,,,,,,
2008-04-30,370000.0,59.8,504.0,62.5,5.4,7687.2,6.86,-0.35554626629975,14835.187,113.7,834700.0,2.25,1385.59,1825.47,20.79,72.72,1003.0,1.605,3.734,4.91,5.13,,842.95,860.84,926.43,903.79,1219.76,979.25,945.98,1046.55,,,,,,,,,
2008-05-31,362000.0,56.4,487.0,62.4,5.6,7725.2,6.53,-0.35554626629975,14835.187,127.75,840200.0,2.25,1400.38,1852.02,17.83,72.95,1028.25,1.605,4.067,5.46,5.68,,839.91,918.95,982.75,927.8,1230.53,913.34,939.95,1037.22,,,,,,,,,
2008-06-30,371000.0,61.2,477.0,62.2,5.8,7729.9,7.35,-0.35554626629975,14835.187,139.96,847000.0,2.25,1280.0,1674.92,23.95,72.8,1051.0,1.605,3.975,5.9,5.98,,702.38,797.37,953.06,830.94,1045.05,848.1,904.45,927.34,,,,,,,,,
2008-07-31,448000.0,63.0,435.0,62.0,6.1,7789.0,8.0,-0.35554626629975,14559.543,124.17,847600.0,2.25,1267.38,1594.67,22.94,73.42,1012.25,1.605,3.958,5.85,5.9,,657.89,784.67,933.29,828.57,920.66,810.71,886.35,927.16,,,,,,,,,
2008-08-31,441000.0,70.3,433.0,61.9,6.1,7784.8,8.36,-0.35554626629975,14559.543,115.55,909700.0,2.25,1282.83,1474.24,20.65,77.5,1089.25,1.605,3.825,5.76,5.94,,536.96,625.39,789.56,726.16,859.3,813.39,902.05,890.05,,,,,,,,,
2008-09-30,482000.0,57.6,393.0,61.7,6.5,7918.3,10.96,-0.35554626629975,14559.543,100.7,1136400.0,1.25,1166.36,1448.06,39.39,79.36,1206.95,1.605,3.8289999999999997,5.83,5.87,,589.68,634.22,761.59,744.49,882.84,729.63,871.92,886.36,,,,,,,,,
2008-10-31,490000.0,55.3,389.0,61.4,6.8,7969.8,16.17,-0.35554626629975,14394.546999999999,68.1,1442300.0,1.25,968.75,1113.06,59.89,86.345,1282.5,1.605,3.97,4.39,5.52,,391.42,417.28,526.93,552.39,751.6,513.76,750.54,676.42,,,,,,,,,
2008-11-30,570000.0,60.1,377.0,61.0,7.3,8086.7,19.88,-0.35554626629975,14394.546999999999,49.34,1666400.0,0.5,896.24,1076.07,55.28,86.705,1469.0,1.272,2.92,4.875,5.71,,358.64,424.4,511.36,539.82,667.09,506.98,784.33,589.7,,,,,,,,,
2008-12-31,503000.0,61.2,336.0,60.6,7.8,8261.5,18.12,-0.35554626629975,14394.546999999999,44.6,1712000.0,0.5,903.25,1157.4,40.0,82.15,1263.0,0.9740000000000001,2.22,3.38,4.23,,412.56,474.85,578.97,575.31,648.34,526.72,822.08,608.56,,,,,,,,,
2009-01-31,629000.0,56.3,372.0,60.3,8.3,8293.1,16.26,1.64004344238989,14352.85,41.35,1561700.0,0.5,825.88,1162.11,44.84,86.46,1381.5,1.3419999999999999,2.8510000000000004,3.46,4.65,,446.17,507.85,560.95,606.68,696.04,554.31,801.85,635.25,,,,,,,,,
2009-02-28,652000.0,57.3,339.0,59.9,8.7,8326.0,17.38,1.64004344238989,14352.85,40.07,1647300.0,0.5,735.09,1063.03,46.35,88.15,1533.45,1.375,3.0210000000000004,3.86,5.09,,379.4,418.78,505.5,575.52,683.83,460.22,737.63,601.71,,,,,,,,,
2009-03-31,653000.0,65.1,337.0,59.8,9.0,8353.7,17.03,1.64004344238989,14352.85,49.64,1753200.0,0.5,797.87,1206.26,44.14,85.895,1374.05,1.127,2.668,3.82,5.11,,452.93,476.65,602.39,650.05,821.65,514.5,765.13,686.48,,,,,,,,,
2009-04-30,602000.0,68.7,376.0,59.6,9.4,8412.1,13.45,1.64004344238989,14420.312,50.35,1775100.0,0.5,872.81,1369.36,36.5,84.775,1278.0,1.367,3.1189999999999998,3.52,4.68,,533.43,553.87,712.4,746.9,933.27,610.97,779.29,821.74,,,,,,,,,
2009-05-31,596000.0,70.8,393.0,59.4,9.5,8442.3,11.7,1.64004344238989,14420.312,68.59,1683700.0,0.5,919.14,1395.89,28.92,79.43,1258.25,1.4069999999999998,3.4610000000000003,3.88,5.17,,535.67,522.3,733.62,767.84,991.78,643.41,750.27,872.18,,,,,,,,,
2009-06-30,573000.0,66.0,411.0,59.3,9.5,8432.6,10.55,1.64004344238989,14420.312,69.82,1673600.0,0.5,919.32,1390.07,26.35,80.425,1274.8,1.625,3.537,4.105,5.18,,495.91,481.64,710.33,735.56,989.78,654.8,784.34,880.17,,,,,,,,,
2009-07-31,555000.0,65.7,418.0,59.1,9.6,8448.0,9.22,1.64004344238989,14628.021,69.26,1710800.0,0.5,987.48,1557.29,25.92,78.45,1222.7,1.59,3.4819999999999998,4.205,5.3,,544.28,530.9,824.04,763.88,1088.82,809.61,829.61,987.08,,,,,,,,,
2009-08-31,558000.0,73.5,386.0,58.7,9.8,8435.6,9.12,1.64004344238989,14628.021,69.97,1801200.0,0.5,1020.62,1591.85,26.01,78.22,1249.5,1.473,3.4010000000000002,4.36,5.47,,545.26,486.83,828.98,803.83,1207.54,792.59,805.77,1080.34,,,,,,,,,
2009-09-30,533000.0,70.6,396.0,58.5,10.0,8448.3,7.93,1.64004344238989,14628.021,70.46,1936300.0,0.5,1057.08,1673.14,25.61,76.86,1176.5,1.429,3.305,4.383,5.33,,562.89,462.75,847.15,868.45,1220.38,887.51,874.79,1173.13,,,,,,,,,
2009-10-31,522000.0,67.4,375.0,58.6,9.9,8482.5,7.6,1.64004344238989,14721.35,78.08,2024600.0,0.5,1036.19,1580.69,30.69,76.475,1186.6,1.402,3.388,4.45,5.44,,557.16,419.0,840.41,788.16,1108.96,844.49,839.81,1139.77,,,,,,,,,
2009-11-30,497000.0,72.5,352.0,58.3,9.9,8504.9,7.65,1.64004344238989,14721.35,77.19,2026200.0,0.5,1095.63,1555.6,24.51,74.935,1163.4,1.103,3.198,4.055,5.24,,550.09,400.85,858.57,793.45,1099.5,820.9,825.0,1078.56,,,,,,,,,
2009-12-31,456000.0,74.4,345.0,58.5,9.8,8451.6,6.39,1.64004344238989,14721.35,79.39,1995000.0,0.5,1115.1,1696.14,21.68,78.22,1166.08,1.679,3.8369999999999997,4.44,5.42,,590.56,446.02,939.59,851.16,1246.89,829.71,846.14,1226.75,,,,,,,,,
2010-01-31,466000.0,73.6,336.0,58.5,9.8,8481.3,6.54,3.1568415686220597,14926.098,74.41,2115200.0,0.75,1073.87,1602.43,24.62,79.65,1158.9,1.3530000000000002,3.588,4.315,5.34,,561.5,461.64,842.43,785.78,1157.55,760.48,884.02,1138.38,,,931.84,918.32,899.62,883.86,900.15,1011.39,1020.77
2010-02-28,472000.0,73.6,381.0,58.5,9.9,8507.9,6.71,3.1568415686220597,14926.098,78.71,2079600.0,0.75,1104.49,1594.58,19.5,80.44,1160.0,1.337,3.6189999999999998,4.11,5.13,,559.26,488.28,864.65,816.62,1119.66,752.1,849.73,1169.15,,,947.73,897.34,891.25,905.04,895.7,1077.84,1018.32
2010-03-31,479000.0,72.2,422.0,58.7,9.9,8520.7,5.84,3.1568415686220597,14926.098,83.45,2014400.0,0.75,1169.43,1692.85,17.59,81.291,1132.8,1.5759999999999998,3.833,3.895,4.94,,580.11,546.77,882.62,877.16,1247.12,805.33,863.46,1200.6,,,1018.26,911.46,884.82,910.22,936.87,1112.57,916.03
2010-04-30,451000.0,73.6,280.0,58.6,9.6,8566.6,5.61,3.1568415686220597,15079.917,86.07,2012300.0,0.75,1186.69,1741.56,22.05,81.991,1108.5,1.489,3.659,3.63,4.83,,528.88,551.51,877.06,933.19,1342.46,833.82,833.88,1309.37,,,1085.44,878.8,905.5,920.41,1000.31,1094.22,930.82
2010-05-31,459000.0,76.0,305.0,58.5,9.4,8609.8,6.98,3.1568415686220597,15079.917,74.0,2002400.0,0.75,1070.71,1641.25,35.54,86.67,1202.12,1.21,3.3,3.58,4.94,,470.81,487.27,831.06,880.71,1255.69,749.81,816.1,1349.86,,,1067.61,740.09,964.4,915.61,964.51,1020.67,820.41
2010-06-30,454000.0,67.8,283.0,58.5,9.4,8586.8,7.13,3.1568415686220597,15079.917,75.59,1994300.0,0.75,1030.71,1698.29,34.54,86.281,1223.25,0.972,2.935,3.865,4.94,,506.05,534.46,868.83,970.46,1259.58,767.42,833.42,1401.51,,,1113.77,759.5,1050.34,948.05,940.4,1021.24,799.05
2010-07-31,476000.0,68.9,282.0,58.6,9.5,8648.6,6.59,3.1568415686220597,15240.843,81.25,1993700.0,0.75,1101.6,1759.33,23.5,81.655,1182.75,0.825,2.905,3.815,4.84,983.81,531.26,562.37,925.89,1034.06,1259.17,821.35,844.56,1425.49,1009.61,985.32,1067.71,750.91,1007.45,990.33,904.0,982.3,767.28
2010-08-31,452000.0,68.2,317.0,58.5,9.5,8686.6,6.92,3.1568415686220597,15240.843,71.93,1961200.0,0.75,1049.33,1742.75,26.05,83.25399999999999,1199.0,0.6990000000000001,2.47,3.55,4.39,1020.89,536.62,575.09,956.38,1129.01,1219.59,777.29,843.88,1424.55,1023.23,1070.18,1039.26,697.56,1039.97,998.92,841.53,1036.31,833.15
2010-09-30,446000.0,67.7,291.0,58.3,9.4,8726.9,6.26,3.1568415686220597,15240.843,79.95,1961700.0,0.75,1141.2,1872.81,23.7,78.938,1140.25,0.635,2.512,3.35,4.12,1052.41,616.32,691.22,1066.3,1200.04,1256.12,797.54,886.06,1627.63,1160.18,1115.39,1109.65,780.1,1060.69,1027.77,936.53,1103.19,830.06
2010-10-31,434000.0,71.6,287.0,58.2,9.8,8759.6,5.93,3.1568415686220597,15285.828000000001,82.94,1973100.0,0.75,1183.26,1882.95,21.2,77.457,1124.5,0.49700000000000005,2.603,3.23,4.35,1051.22,662.87,718.59,999.24,1231.47,1246.17,789.57,854.47,1733.33,1109.86,1021.73,1161.02,836.55,1127.26,1114.84,969.16,1187.54,932.5
2010-11-30,428000.0,74.5,326.0,58.3,9.3,8784.0,6.22,3.1568415686220597,15285.828000000001,84.12,2017000.0,0.75,1180.55,1904.63,23.54,81.271,1158.0,0.701,2.7969999999999997,3.19,4.37,1056.84,655.9,711.45,1016.2,1298.79,1289.01,807.79,845.16,1779.24,1134.85,984.05,1108.89,730.59,1084.87,1098.2,904.0,1112.74,920.52
2010-12-31,413000.0,74.2,307.0,58.3,9.1,8800.1,5.41,3.1568415686220597,15285.828000000001,91.38,2047900.0,0.75,1257.64,2070.08,17.75,79.288,1121.25,1.001,3.2880000000000003,3.38,4.57,1061.66,722.02,800.51,1095.08,1389.72,1376.59,920.57,880.68,1837.93,1151.98,1068.24,1125.58,737.68,1358.78,1054.41,950.65,1137.75,904.9
2011-01-31,402000.0,77.5,270.0,58.4,9.0,8850.0,5.08,2.06933726526059,15496.188999999998,90.99,2211600.0,0.75,1286.12,2069.73,19.53,77.865,1119.88,0.96,3.3739999999999997,3.97,4.71,977.73,750.67,837.79,1118.91,1559.45,1383.48,886.36,824.28,1790.09,1103.24,969.52,1104.12,738.76,1467.41,1146.02,985.03,1189.15,1031.22
2011-02-28,414000.0,67.5,300.0,58.4,9.0,8898.7,4.78,2.06933726526059,15496.188999999998,97.1,2395300.0,0.75,1327.22,1939.3,18.35,76.921,1125.35,1.1640000000000001,3.4219999999999997,3.81,4.67,964.09,634.18,723.63,1107.17,1385.83,1319.63,846.35,776.63,1767.4,979.32,921.08,1049.31,672.57,1239.48,1085.0,991.2,1156.42,968.57
2011-03-31,395000.0,69.8,310.0,58.4,9.1,8953.4,4.77,2.06933726526059,15496.188999999998,106.19,2496600.0,0.75,1325.83,2106.7,17.74,76.072,1096.5,1.3119999999999998,3.47,3.71,4.48,1003.03,704.51,795.58,1234.71,1706.24,1336.68,889.15,800.14,2049.72,1079.36,968.96,1193.32,672.3,1332.9,1130.66,1009.81,1215.12,813.17
2011-04-30,468000.0,74.3,305.0,58.3,9.0,9031.6,4.76,2.06933726526059,15591.85,113.03,2567200.0,0.75,1363.61,2192.36,14.75,73.107,1068.5,1.0,3.29,3.77,4.48,1057.31,737.01,870.13,1257.75,1872.48,1389.28,893.15,816.78,2288.98,1091.96,962.64,1206.73,648.67,1233.29,1136.51,938.96,1146.28,835.11
2011-05-31,423000.0,71.5,301.0,58.2,9.1,9059.1,5.09,2.06933726526059,15591.85,102.7,2648500.0,0.75,1345.2,2142.47,15.45,74.696,1078.5,0.78,3.0589999999999997,3.55,4.23,1021.15,691.24,828.75,1196.05,1855.1,1310.62,808.9,832.75,2362.65,1096.77,889.67,1163.43,612.21,1198.72,1190.04,863.61,1030.87,830.17
2011-06-30,418000.0,63.7,296.0,58.2,9.0,9242.8,5.42,2.06933726526059,15591.85,95.3,2684800.0,0.75,1320.64,2100.69,16.52,74.635,1067.0,0.7979999999999999,3.16,3.79,4.31,1043.94,729.57,819.84,1251.66,1708.22,1197.77,829.58,840.94,2350.2,1110.55,958.75,1141.17,611.72,1146.46,1149.44,840.99,1141.39,906.99
2011-07-31,405000.0,55.8,299.0,58.3,9.0,9467.0,5.58,2.06933726526059,15796.46,94.98,2657700.0,0.75,1292.28,2133.21,25.25,74.036,1054.3,0.534,2.792,3.855,4.19,1065.6,760.83,752.47,1283.22,1754.45,1197.76,849.07,844.26,2361.34,1129.84,1145.13,1251.9,686.87,1337.64,1223.37,956.35,1428.75,1004.45
2011-08-31,414000.0,59.5,304.0,58.4,9.0,9548.1,7.3,2.06933726526059,15796.46,88.81,2637700.0,0.75,1218.89,1880.11,31.62,74.173,1065.4,0.324,2.234,3.485,3.87,1065.68,662.74,634.05,1151.25,1431.04,1028.15,735.87,812.27,2124.71,1018.08,1001.17,1090.7,589.13,1167.2,1160.81,861.66,1488.01,1192.72
2011-09-30,405000.0,60.8,316.0,58.4,8.8,9576.0,8.41,2.06933726526059,15796.46,78.93,2637800.0,0.75,1131.42,1769.65,42.96,79.075,1181.1,0.405,1.9169999999999998,3.5,3.93,1110.36,597.79,522.86,947.34,1165.7,1064.8,679.36,795.97,2107.57,885.95,950.04,891.58,481.45,1113.52,1049.39,824.73,1535.75,1123.37
2011-10-31,392000.0,63.7,328.0,58.6,8.6,9591.8,7.07,2.06933726526059,16019.758,93.19,2605400.0,0.75,1253.3,1909.03,29.96,76.306,1112.35,0.391,2.116,3.515,3.86,1138.31,643.09,597.14,1020.48,1324.43,1179.61,727.98,831.8,2151.17,954.58,1029.13,981.91,532.4,1292.0,1122.38,917.25,1651.17,1257.74
2011-11-30,387000.0,69.9,341.0,58.6,8.5,9638.4,7.79,2.06933726526059,16019.758,100.36,2619600.0,0.75,1246.96,1847.51,27.8,78.491,1140.55,0.39899999999999997,2.0709999999999997,3.358,3.77,1123.34,609.52,542.63,970.17,1223.56,1181.92,674.7,836.67,2046.79,897.38,939.62,999.94,533.5,1285.85,1049.97,939.95,1592.77,1187.64
2011-12-31,376000.0,75.0,335.0,58.4,8.3,9729.3,7.23,2.06933726526059,16019.758,98.83,2640800.0,0.75,1257.6,1826.37,23.4,80.52199999999999,1159.25,0.359,1.876,3.32,3.78,1078.57,601.8,509.07,933.77,1164.46,1168.11,648.51,834.82,2006.76,894.5,920.94,1085.49,562.79,1315.79,1061.26,893.72,1669.73,1133.52
2012-01-31,368000.0,75.3,366.0,58.5,8.3,9764.3,6.61,1.4648326556271398,16152.257,98.46,2694400.0,0.75,1312.41,1955.79,19.44,79.417,1126.2,0.295,1.795,3.375,3.76,1029.77,652.39,599.51,1063.04,1346.88,1278.55,724.6,831.76,2048.93,966.32,959.92,1151.82,584.66,1127.17,1077.18,893.01,1573.75,1175.36
2012-02-29,375000.0,76.2,354.0,58.5,8.2,9814.0,5.98,1.4648326556271398,16152.257,107.08,2655200.0,0.75,1365.68,2030.25,18.43,78.794,1119.3,0.415,1.974,3.43,3.81,1046.87,708.48,668.25,1120.65,1406.41,1351.21,730.6,810.71,2072.34,1028.76,857.27,1114.98,653.97,1162.93,1095.34,927.51,1475.74,1375.9
2012-03-31,358000.0,76.4,354.0,58.4,8.2,9862.0,5.99,1.4648326556271398,16152.257,105.25,2639800.0,0.75,1419.04,2029.29,15.64,78.96300000000001,1125.95,0.503,2.18,3.55,3.99,1078.91,686.89,624.96,1027.16,1295.15,1365.44,744.81,826.94,2115.35,1011.83,849.36,1066.98,611.06,1083.89,1054.24,867.9,1430.48,1561.93
2012-04-30,373000.0,79.3,370.0,58.5,8.2,9898.2,6.04,1.4648326556271398,16257.151000000002,104.89,2616500.0,0.75,1397.91,1981.99,17.15,78.848,1130.15,0.37799999999999995,1.919,3.45,3.81,1042.86,608.84,607.77,971.72,1124.58,1363.49,691.4,804.78,2271.54,950.87,782.94,925.57,573.63,975.24,969.95,806.29,1348.5,1328.39
2012-05-31,377000.0,73.2,360.0,58.6,8.2,9932.7,6.96,1.4648326556271398,16257.151000000002,86.52,2618800.0,0.75,1310.33,1843.47,24.06,83.12899999999999,1180.47,0.34600000000000003,1.5630000000000002,3.31,3.69,953.18,564.01,545.08,893.51,1081.72,1223.85,662.27,787.23,2101.3,860.69,758.34,896.43,525.47,946.45,951.1,792.58,1385.64,1236.61
2012-06-30,372000.0,72.3,369.0,58.5,8.2,10020.6,6.44,1.4648326556271398,16257.151000000002,83.72,2647800.0,0.75,1365.51,1851.65,16.74,82.008,1143.89,0.396,1.587,3.28,3.61,1006.62,552.6,549.22,917.18,1091.16,1247.41,674.77,828.4,2037.34,890.8,873.11,917.48,530.03,983.01,970.34,804.51,1434.07,1356.14
2012-07-31,371000.0,74.3,375.0,58.4,8.1,10091.2,6.16,1.4648326556271398,16358.863000000001,88.08,2650700.0,0.75,1379.32,1881.99,18.93,82.71,1130.67,0.285,1.47,2.87,3.15,1051.52,533.66,539.38,922.13,1142.38,1269.51,649.68,843.58,2076.75,886.8,903.84,875.95,517.29,905.36,925.26,757.77,1435.0,1238.72
2012-08-31,371000.0,78.3,385.0,58.7,7.8,10174.9,5.98,1.4648326556271398,16358.863000000001,96.47,2594900.0,0.75,1406.58,1905.12,17.47,81.21600000000001,1133.79,0.293,1.548,2.76,3.02,1099.43,557.23,532.62,958.54,1170.26,1259.47,657.9,887.6,2104.21,904.58,965.08,935.49,561.42,988.74,1020.08,821.89,1670.13,1408.56
2012-09-30,350000.0,82.6,358.0,58.8,7.8,10258.4,5.74,1.4648326556271398,16358.863000000001,92.44,2611800.0,0.75,1444.49,1996.03,16.32,79.90899999999999,1112.59,0.306,1.618,2.75,2.97,1140.48,575.73,553.92,1029.55,1217.21,1323.25,689.01,933.96,2134.32,948.97,1065.06,902.21,597.25,1077.95,1120.44,796.42,1651.34,1581.03
2012-10-31,365000.0,82.7,392.0,58.7,7.7,10349.0,5.63,1.4648326556271398,16569.591,86.23,2646800.0,0.75,1412.16,1912.06,18.6,79.987,1090.32,0.38299999999999995,1.694,2.77,2.96,1089.58,485.27,513.07,937.62,1135.44,1307.73,660.89,967.52,1940.37,902.05,1152.88,890.09,546.13,1066.51,1128.31,757.34,1610.13,1539.1
2012-11-30,375000.0,72.9,399.0,58.7,7.9,10374.1,5.65,1.4648326556271398,16569.591,88.54,2675900.0,0.75,1416.18,1932.9,15.87,80.163,1082.5,0.324,1.6159999999999999,2.84,3.02,1059.29,493.15,504.72,924.21,1154.23,1345.69,639.4,965.01,1986.2,881.15,1090.28,919.0,507.76,1041.69,1173.75,743.16,1562.71,1401.68
2012-12-31,363000.0,73.8,446.0,58.6,8.0,10527.0,5.34,1.4648326556271398,16569.591,91.83,2741700.0,0.75,1426.19,2031.1,18.02,79.87100000000001,1063.64,0.354,1.756,2.83,3.15,1026.31,521.98,540.47,950.68,1214.19,1344.95,680.97,974.15,1965.6,886.38,1104.66,875.61,504.88,1054.5,1162.0,742.36,1579.68,1367.8
2013-01-31,361000.0,77.6,447.0,58.6,7.7,10471.6,4.95,1.62222297740821,16637.926,97.65,2845300.0,0.75,1498.11,1961.94,14.28,79.226,1088.26,0.40700000000000003,1.985,2.76,3.1,1071.86,512.42,522.93,914.44,1160.92,1298.89,715.38,982.43,1894.3,869.17,1182.52,853.58,516.63,1064.17,1200.23,732.76,1613.57,1409.58
2013-02-28,340000.0,78.6,444.0,58.5,7.5,10514.9,4.98,1.62222297740821,16637.926,92.03,2935000.0,0.75,1514.68,2026.49,15.51,82.00299999999999,1084.35,0.34600000000000003,1.881,2.625,2.94,1118.62,511.63,515.24,920.39,1160.16,1376.1,735.7,1011.06,2016.75,853.75,1227.58,860.55,534.37,1070.85,1265.25,800.3,1784.94,1506.19
2013-03-31,359000.0,76.4,441.0,58.6,7.6,10609.8,4.86,1.62222297740821,16637.926,97.1,3011700.0,0.75,1562.17,1995.99,13.58,82.899,1114.72,0.348,1.835,2.53,2.81,1137.48,494.74,476.96,882.46,1086.99,1408.15,708.96,1002.34,2031.04,815.49,1267.14,896.03,532.88,1156.09,1289.13,829.68,1888.8,1512.47
2013-04-30,335000.0,84.5,428.0,58.6,7.5,10605.6,4.55,1.62222297740821,16848.748,93.22,3116900.0,0.75,1597.57,1963.95,13.52,81.807,1101.61,0.311,1.673,2.5,2.78,1231.5,402.13,445.28,852.08,1027.08,1427.32,685.58,1041.24,1872.25,736.09,1317.73,888.0,525.62,1345.67,1375.97,853.26,1726.2,1515.3
2013-05-31,346000.0,84.1,470.0,58.6,7.5,10653.3,4.62,1.62222297740821,16848.748,91.93,3201500.0,0.75,1630.74,2001.05,16.3,83.40100000000001,1131.26,0.49,2.1319999999999997,2.78,3.1,1281.38,440.23,445.24,875.9,1051.24,1463.68,707.18,1004.0,1988.37,748.72,1230.29,902.2,537.04,1256.9,1415.88,879.02,1707.77,1419.81
2013-06-30,351000.0,85.1,375.0,58.7,7.3,10720.2,5.21,1.62222297740821,16848.748,97.94,3290900.0,0.75,1614.96,1855.73,16.37,83.25299999999999,1135.62,0.639,2.477,2.885,3.51,1241.22,384.92,437.6,789.3,959.8,1341.86,661.72,946.77,1973.02,702.79,1139.71,838.7,473.44,1209.47,1377.86,760.76,1535.53,1196.28
2013-07-31,339000.0,82.1,381.0,58.7,7.2,10771.8,4.71,1.62222297740821,17083.137,105.1,3398900.0,0.75,1685.73,1914.03,13.45,81.539,1123.7,0.596,2.588,2.94,3.5,1305.34,402.04,481.81,840.09,1049.5,1317.75,690.48,1005.04,2015.32,724.23,1318.23,858.34,513.48,1213.8,1438.6,789.14,1826.3,1280.43
2013-08-31,325000.0,77.5,403.0,58.7,7.2,10824.5,4.78,1.62222297740821,17083.137,107.98,3486900.0,0.75,1632.97,1926.36,17.01,82.14200000000001,1110.02,0.7809999999999999,2.7889999999999997,2.885,3.53,1254.16,403.75,492.33,862.81,1053.15,1337.08,680.15,965.65,2061.51,721.95,1191.9,808.15,485.09,1103.9,1342.93,748.01,1509.12,1183.56
2013-09-30,368000.0,73.2,444.0,58.3,7.2,10901.3,4.83,1.62222297740821,17083.137,102.36,3589500.0,0.75,1681.55,1996.96,16.6,80.32300000000001,1074.53,0.613,2.615,2.81,3.42,1319.75,437.08,543.57,908.48,1116.44,1407.27,712.36,996.86,2111.53,763.93,1268.35,846.96,518.53,1129.92,1457.72,761.74,1667.64,1258.25
2013-10-31,342000.0,75.1,446.0,58.6,6.9,10963.0,4.36,1.62222297740821,17104.555,96.29,3684600.0,0.75,1756.54,2030.09,13.75,80.263,1061.28,0.569,2.552,2.815,3.39,1376.01,419.32,519.06,904.21,1130.22,1438.1,747.22,997.82,2142.66,751.39,1246.45,834.46,505.04,1139.14,1489.95,745.96,1686.36,1273.8
2013-11-30,312000.0,82.5,433.0,58.7,6.7,10998.9,4.27,1.62222297740821,17104.555,93.61,3717500.0,0.75,1805.81,2044.87,13.7,80.657,1058.21,0.547,2.7460000000000004,2.99,3.67,1423.99,398.11,531.2,876.09,1107.25,1522.68,729.5,1004.08,2160.8,733.18,1228.88,809.13,487.33,1164.18,1587.46,701.12,1641.22,1206.38
2013-12-31,322000.0,81.2,443.0,58.8,6.6,11048.7,4.0,1.62222297740821,17104.555,98.17,3728500.0,0.75,1848.36,2011.34,13.72,80.189,1050.5,0.767,3.0260000000000002,2.91,3.67,1455.87,384.23,517.22,898.19,1112.09,1511.34,760.99,1014.78,2072.25,734.43,1178.83,744.07,472.63,1125.69,1602.87,675.22,1551.45,1239.34
2014-01-31,331000.0,81.6,420.0,58.7,6.7,11112.9,4.21,0.118627135552435,17432.909,97.55,3833400.0,0.75,1782.59,1919.96,18.41,81.403,1081.31,0.667,2.6439999999999997,2.88,3.6,1364.23,382.77,496.84,863.16,1022.4,1436.3,722.44,995.85,2078.8,756.54,1214.55,727.89,453.19,1125.58,1617.46,706.14,1650.51,1265.8
2014-02-28,319000.0,80.0,405.0,58.9,6.7,11162.7,3.81,0.118627135552435,17432.909,102.88,3885900.0,0.75,1859.45,1979.99,14.0,79.72,1066.46,0.67,2.6489999999999996,2.85,3.5,1404.98,399.38,482.6,841.91,1034.55,1511.82,719.34,1015.66,2111.44,760.73,1233.9,752.97,464.44,1141.18,1595.16,706.4,1708.38,1294.45
2014-03-31,311000.0,84.1,403.0,58.9,6.2,11224.2,3.77,0.118627135552435,17432.909,101.57,3930700.0,0.75,1872.34,1985.61,13.88,80.25399999999999,1064.9,0.871,2.719,2.8710000000000004,3.5180000000000002,1399.01,394.03,476.75,863.19,1006.14,1506.91,714.57,1006.32,2158.56,758.12,1151.77,779.53,480.72,1129.59,1555.46,724.81,1662.71,1454.88
2014-04-30,325000.0,81.9,451.0,58.9,6.3,11298.3,3.71,0.118627135552435,17721.657,100.07,3911500.0,0.75,1883.95,1961.79,13.41,79.532,1033.5,0.851,2.6460000000000004,2.877,3.528,1382.34,393.83,442.88,864.23,989.32,1521.76,693.93,1033.66,2069.73,756.09,1154.47,757.95,490.58,1131.27,1605.62,738.29,1795.65,1548.51
2014-05-31,312000.0,82.5,418.0,59.0,6.1,11377.7,3.67,0.118627135552435,17721.657,103.07,3948700.0,0.75,1923.57,1994.96,11.4,80.404,1020.8,0.7759999999999999,2.475,2.823,3.34,1332.18,380.1,436.2,883.79,962.6,1589.04,700.26,1040.22,2075.1,765.26,1094.94,738.59,460.33,1063.59,1610.01,706.64,1742.25,1502.15
2014-06-30,302000.0,81.8,402.0,59.0,6.2,11404.8,3.53,0.118627135552435,17721.657,106.07,3989100.0,0.75,1960.23,2002.21,11.57,79.811,1012.0,0.867,2.532,2.677,3.1639999999999997,1392.57,389.49,421.58,927.03,1017.83,1649.12,712.65,1060.44,2081.99,779.65,1116.81,725.28,451.83,1081.92,1610.1,691.72,1735.63,1408.56
2014-07-31,295000.0,82.5,456.0,59.0,6.1,11471.2,4.04,0.118627135552435,17849.912,98.23,4075000.0,0.75,1930.67,2076.12,16.95,81.523,1028.0,0.996,2.562,2.519,3.053,1393.0,404.32,413.51,990.74,999.73,1608.98,790.03,1142.39,2194.7,802.5,1072.36,720.58,443.2,1127.2,1667.56,689.72,1705.18,1317.91
2014-08-31,307000.0,84.6,470.0,59.1,5.9,11492.0,3.84,0.118627135552435,17849.912,97.86,4049200.0,0.75,2002.28,2067.86,12.25,82.78299999999999,1013.05,0.929,2.345,2.516,3.036,1446.5,389.44,421.7,996.72,938.53,1588.63,808.74,1189.47,2165.16,832.49,1080.64,716.81,455.38,1175.9,1742.86,755.32,1837.1,1695.58
2014-09-30,293000.0,86.9,476.0,59.3,5.7,11541.5,4.4,0.118627135552435,17849.912,91.17,4001500.0,0.75,1972.29,2020.09,16.31,86.04700000000001,1054.95,1.046,2.495,2.305,2.86,1487.74,380.91,405.38,962.37,884.05,1571.15,770.59,1247.54,1980.4,841.61,1167.26,686.87,444.03,1340.23,1623.43,764.12,1939.27,1566.68
2014-10-31,280000.0,88.8,442.0,59.2,5.8,11564.3,4.3,0.118627135552435,18003.398999999998,80.53,3830400.0,0.75,2018.05,1964.43,14.03,87.016,1073.6,0.9229999999999999,2.335,2.1319999999999997,2.6430000000000002,1384.31,351.04,370.41,921.71,803.71,1545.41,794.33,1200.9,1857.0,822.36,1143.53,663.32,412.65,1269.64,1424.35,769.25,1971.47,1495.68
2014-11-30,291000.0,93.6,497.0,59.3,5.6,11638.0,4.67,0.118627135552435,18003.398999999998,68.98,3934500.0,0.75,2053.44,1965.22,14.29,87.98200000000001,1110.09,0.862,2.176,2.077,2.59,1421.66,340.21,374.76,927.77,827.79,1585.03,780.54,1221.55,1875.97,831.65,1124.04,663.49,413.32,1265.08,1347.28,751.27,1865.91,1500.38
2014-12-31,294000.0,98.1,515.0,59.3,5.7,11690.0,5.04,0.118627135552435,18003.398999999998,53.45,4017100.0,0.75,2058.9,1926.44,19.2,90.647,1093.9,1.073,2.17,2.095,2.605,1408.5,311.17,367.38,891.11,797.27,1551.7,721.21,1135.05,1792.16,794.19,1113.86,657.9,415.03,1266.11,1295.36,749.42,1894.15,1531.97
2015-01-31,281000.0,95.4,540.0,59.2,5.5,11829.2,5.26,1.2615832057053702,18223.577,49.25,3840500.0,0.75,1994.99,1949.26,20.97,94.99799999999999,1102.4,0.736,1.639,1.969,2.24,1473.0,310.91,363.73,921.92,860.57,1602.55,721.06,1208.17,1792.62,783.09,1156.42,717.68,417.23,1269.42,1301.06,837.13,2075.15,1641.88
2015-02-28,317000.0,93.0,480.0,59.2,5.4,11895.1,4.46,1.2615832057053702,18223.577,49.59,4030600.0,0.75,2117.39,1996.81,13.04,95.479,1103.05,1.011,2.005,2.035,2.355,1434.21,345.27,377.18,932.57,941.02,1565.62,704.38,1227.22,1768.41,811.9,1187.84,795.81,463.87,1391.52,1307.83,806.22,2387.07,1706.09
2015-03-31,282000.0,95.9,502.0,59.3,5.4,11922.0,4.82,1.2615832057053702,18223.577,47.72,4059400.0,0.75,2067.89,2041.03,15.29,98.661,1108.99,0.882,1.9269999999999998,1.722,2.1630000000000003,1412.15,344.01,372.13,948.79,937.24,1576.17,708.26,1315.5,1783.99,815.57,1508.95,914.55,477.71,1462.55,1328.06,795.97,2511.96,1725.18
2015-04-30,267000.0,90.7,502.0,59.4,5.6,11929.2,4.59,1.2615832057053702,18347.425,59.62,3949400.0,0.75,2085.51,2127.17,14.55,94.714,1077.34,0.9059999999999999,2.035,1.839,2.401,1467.49,347.92,397.71,1016.71,1100.47,1557.43,768.75,1399.63,1828.85,849.05,1745.41,977.7,495.62,1537.26,1395.45,777.06,2838.92,1797.72
2015-05-31,278000.0,96.1,480.0,59.4,5.3,11993.6,4.58,1.2615832057053702,18347.425,60.24,3919600.0,0.75,2111.73,2102.37,13.97,97.473,1116.2,0.93,2.128,1.745,2.305,1326.74,341.67,379.37,1013.44,1051.12,1558.14,751.7,1415.36,1815.09,851.36,2012.6,1092.83,518.13,1520.74,1444.44,778.8,2958.03,1988.9
2015-06-30,292000.0,93.1,506.0,59.3,5.2,12061.0,5.0,1.2615832057053702,18347.425,59.48,3961200.0,0.75,2063.11,2074.2,18.23,95.661,1120.03,1.001,2.349,1.7830000000000001,2.4419999999999997,1331.79,338.38,355.76,992.2,1129.78,1438.17,723.29,1447.61,1680.26,848.19,2283.35,1125.12,524.98,1619.88,1363.01,765.78,3510.71,2206.62
2015-07-31,270000.0,91.9,518.0,59.4,5.1,12059.6,5.36,1.2615832057053702,18378.803,47.11,3984000.0,0.75,2103.84,2030.16,12.12,97.439,1166.67,0.977,2.187,1.7719999999999998,2.425,1369.02,333.37,290.87,901.99,1048.12,1323.86,712.84,1519.36,1734.51,819.05,2023.17,1022.19,490.43,1615.63,1284.15,755.83,3352.56,2332.51
2015-08-31,273000.0,87.2,456.0,59.2,5.0,12140.9,5.7,1.2615832057053702,18378.803,49.2,4028500.0,0.75,1972.18,1941.49,28.43,95.854,1182.82,1.051,2.214,1.7380000000000002,2.29,1315.0,295.25,259.82,869.14,990.75,1264.88,674.9,1460.68,1745.43,773.46,1884.01,901.49,455.38,1586.46,1248.06,744.37,3081.64,2548.63
2015-09-30,267000.0,90.0,482.0,59.3,5.0,12164.0,6.62,1.2615832057053702,18378.803,45.06,4060500.0,0.75,1920.03,1962.81,24.5,96.48,1185.29,0.9009999999999999,2.035,1.567,2.056,1355.2,295.29,267.67,837.66,1055.21,1283.11,681.47,1484.42,1789.75,741.75,1791.84,852.51,451.36,1502.56,1228.13,730.61,2838.28,2423.94
2015-10-31,275000.0,91.3,504.0,59.4,5.1,12270.6,5.9,1.2615832057053702,18470.156000000003,46.12,4006700.0,0.75,2104.05,2035.24,14.15,97.00299999999999,1138.38,1.031,2.135,1.652,2.112,1347.28,280.21,276.4,840.45,1108.37,1359.82,718.71,1457.79,1785.91,771.77,2014.65,869.56,421.44,1372.44,1176.96,708.45,3054.57,2354.21
2015-11-30,280000.0,92.6,546.0,59.6,5.0,12293.6,6.4,1.2615832057053702,18470.156000000003,40.43,3835800.0,1.0,2080.41,1991.97,16.13,100.21,1160.61,1.2229999999999999,2.208,1.7919999999999998,2.249,1390.88,270.13,269.06,802.86,1144.56,1401.15,673.17,1457.18,1720.63,732.06,2334.06,870.84,410.27,1509.09,1133.07,691.64,3364.14,2353.34
2015-12-31,273000.0,92.0,505.0,59.7,4.8,12355.3,6.95,1.2615832057053702,18470.156000000003,37.13,3792700.0,1.0,2043.94,1918.76,18.21,98.745,1175.95,1.307,2.269,1.66,2.085,1351.19,263.77,245.93,793.22,1171.64,1366.22,655.25,1449.62,1705.15,697.51,2272.18,849.23,393.84,1492.44,1108.04,700.38,3336.62,2350.51
2016-01-31,266000.0,91.7,517.0,59.8,4.9,12530.7,7.77,2.1301100036596297,18656.207,31.62,3872500.0,1.0,1939.38,1924.82,19.98,99.02799999999999,1202.79,0.98,1.933,1.5290000000000001,1.922,1341.03,277.0,231.22,758.78,1132.45,1272.85,627.4,1450.79,1676.78,680.57,2552.91,774.25,375.24,1494.67,1032.42,665.02,3716.25,2418.22
2016-02-29,255000.0,91.0,532.0,59.8,5.0,12568.8,7.75,2.1301100036596297,18656.207,32.74,3898400.0,1.0,1932.23,1916.66,20.55,98.219,1238.24,0.903,1.7380000000000002,1.456,1.786,1350.01,265.5,245.08,828.05,1199.59,1291.59,621.56,1425.3,1718.37,650.42,2284.1,822.55,354.5,1304.51,1013.34,636.44,3335.6,2190.33
2016-03-31,273000.0,89.0,576.0,59.7,5.1,12655.6,7.05,2.1301100036596297,18656.207,36.94,3872900.0,1.0,2059.74,1995.85,13.95,94.57799999999999,1144.97,0.855,1.77,1.4409999999999998,1.787,1383.23,293.29,273.78,888.98,1334.94,1323.0,662.24,1424.28,1716.43,648.5,2409.25,853.55,381.66,1396.11,1056.17,636.84,3456.63,2128.89
2016-04-30,278000.0,94.7,571.0,59.7,4.8,12754.0,6.21,2.1301100036596297,18821.359,44.75,3836500.0,1.0,2081.43,1978.15,14.68,92.618,1137.1,0.9309999999999999,1.828,1.452,1.795,1378.6,306.94,296.99,967.57,1234.93,1303.6,671.65,1487.29,1702.45,680.16,2312.11,886.25,398.61,1379.96,1077.37,656.57,3292.5,2125.94
2016-05-31,265000.0,93.5,557.0,59.7,4.9,12788.1,5.97,2.1301100036596297,18821.359,49.1,3825500.0,1.0,2096.96,1983.4,14.19,95.87799999999999,1189.74,1.0390000000000001,1.851,1.499,1.8119999999999998,1445.34,270.08,280.51,847.41,1199.57,1343.82,644.16,1525.8,1652.26,671.26,2486.1,877.57,383.84,1414.07,1063.4,644.43,3369.47,2149.49
2016-06-30,255000.0,90.0,628.0,59.8,4.8,12853.3,6.21,2.1301100036596297,18821.359,48.27,3772500.0,1.0,2098.86,1970.35,15.63,96.20299999999999,1152.35,0.698,1.475,1.246,1.4680000000000002,1394.82,259.22,275.87,835.72,1119.55,1375.63,615.34,1516.05,1607.52,669.86,2542.87,912.49,368.12,1373.06,991.06,619.87,3288.51,1990.2
2016-07-31,265000.0,89.8,575.0,59.8,4.9,12940.3,5.69,2.1301100036596297,19032.58,40.05,3816700.0,1.0,2170.84,2029.61,12.44,95.677,1108.44,0.755,1.463,1.212,1.3630000000000002,1455.92,278.78,315.14,901.3,1142.2,1447.65,648.65,1459.2,1598.55,681.54,2351.46,1034.81,395.98,1330.96,984.68,634.14,3334.63,1987.57
2016-08-31,257000.0,91.2,558.0,59.7,5.0,13012.2,5.1,2.1301100036596297,19032.58,44.68,3735900.0,1.0,2170.95,2034.65,13.42,96.012,1116.3,0.922,1.578,1.3090000000000002,1.4780000000000002,1517.42,275.24,335.97,885.8,1148.38,1537.8,668.04,1400.46,1626.75,707.47,2275.89,982.07,387.56,1182.03,931.44,576.18,3212.69,1753.69
2016-09-30,245000.0,87.2,575.0,59.7,4.9,13055.4,4.97,2.1301100036596297,19032.58,47.72,3572100.0,1.0,2168.27,2043.63,13.29,95.385,1101.91,0.875,1.598,1.248,1.401,1577.03,278.86,333.83,880.24,1165.19,1547.61,666.44,1418.13,1661.16,686.53,2205.59,1060.01,387.53,1239.31,945.0,571.91,3241.4,1828.22
2016-10-31,250000.0,93.8,571.0,59.7,4.7,13141.6,4.91,2.1301100036596297,19237.435,46.83,3629800.0,1.0,2126.15,2008.19,17.06,98.42200000000001,1142.73,0.992,1.8259999999999998,1.436,1.683,1537.24,273.4,330.19,871.07,1158.71,1537.97,718.09,1326.06,1651.37,628.97,1661.43,1017.06,374.33,1102.05,915.13,541.43,2903.4,1728.49
2016-11-30,248000.0,98.2,561.0,59.7,4.7,13202.9,4.67,2.1301100036596297,19237.435,49.41,3531600.0,1.25,2198.81,1983.48,13.33,101.539,1177.8,1.401,2.39,1.712,2.146,1486.3,251.96,305.78,923.67,1156.09,1541.61,714.26,1277.1,1521.61,629.56,1626.78,993.72,339.14,1033.31,866.64,525.29,2743.3,1588.88
2016-12-31,244000.0,98.5,578.0,59.9,4.7,13227.6,4.22,2.1301100036596297,19237.435,53.75,3595500.0,1.25,2238.83,2026.16,14.04,102.286,1207.26,1.459,2.4459999999999997,1.64,2.092,1448.7,264.05,315.09,974.69,1211.52,1600.34,704.02,1262.73,1579.66,615.36,1686.02,1048.15,362.4,1086.84,854.69,546.64,2855.87,1721.82
2017-01-31,237000.0,96.3,601.0,59.9,4.6,13327.4,4.0,2.44258329692818,19379.232,52.75,3746400.0,1.25,2278.87,2067.57,11.99,99.48100000000001,1151.65,1.47,2.4659999999999997,1.675,2.153,1512.86,261.7,310.24,1017.89,1209.75,1729.31,731.63,1264.74,1508.0,602.87,1505.49,1017.41,333.25,1017.01,863.72,539.77,2681.57,1740.26
2017-02-28,246000.0,96.9,643.0,60.2,4.4,13385.3,3.74,2.44258329692818,19379.232,54.0,3856300.0,1.5,2363.64,2091.64,12.92,101.12899999999999,1137.8,1.524,2.397,1.6740000000000002,2.162,1534.19,274.91,339.44,1013.68,1232.05,1679.7,733.01,1293.69,1584.71,607.03,1702.37,941.8,320.73,1032.4,952.92,558.27,2713.57,1706.86
2017-03-31,237000.0,97.0,604.0,60.2,4.5,13437.4,3.92,2.44258329692818,19379.232,50.54,3821700.0,1.5,2362.72,2160.23,12.37,100.21799999999999,1117.65,1.4969999999999999,2.3890000000000002,1.655,2.1719999999999997,1667.82,277.35,350.41,1006.12,1298.12,1830.1,749.24,1295.02,1589.46,604.0,1650.99,978.43,312.6,1007.45,968.25,587.92,2662.68,1797.3
2017-04-30,237000.0,97.1,627.0,60.1,4.4,13530.4,3.81,2.44258329692818,19617.288,48.83,3774400.0,1.5,2388.33,2219.67,10.11,98.93,1137.6,1.446,2.28,1.69,2.24,1691.69,275.5,351.32,951.8,1274.44,1893.6,772.92,1321.38,1536.08,614.1,1701.21,1058.89,319.74,1110.95,923.42,596.71,2753.99,1814.49
2017-05-31,244000.0,95.0,612.0,60.1,4.3,13559.8,3.74,2.44258329692818,19617.288,48.29,3762800.0,1.75,2411.8,2347.38,10.41,96.854,1119.65,1.435,2.206,1.655,2.222,1788.73,302.21,357.93,1010.56,1388.0,2025.48,824.5,1422.18,1709.18,654.46,1944.64,1205.24,337.87,1133.6,991.88,618.2,2888.41,1871.08
2017-06-30,247000.0,93.4,553.0,60.2,4.3,13576.3,3.77,2.44258329692818,19617.288,46.02,3795400.0,1.75,2423.41,2391.79,11.18,95.421,1145.43,1.5490000000000002,2.3040000000000003,1.6980000000000002,2.214,1800.36,289.87,351.48,1062.12,1346.36,2168.63,864.53,1375.27,1670.95,630.05,1988.13,1256.27,349.3,1080.59,990.68,641.36,3042.29,1832.03
2017-07-31,245000.0,96.8,550.0,60.1,4.4,13655.0,3.61,2.44258329692818,19937.963,50.21,3910000.0,1.75,2470.3,2402.71,10.26,92.71799999999999,1119.4,1.511,2.296,1.725,2.225,1815.29,284.95,343.2,1137.03,1446.53,2078.62,915.98,1388.75,1615.64,629.34,1905.05,1319.65,315.83,1013.78,952.0,626.42,3004.64,1881.14
2017-08-31,298000.0,95.1,622.0,60.4,4.2,13706.0,3.85,2.44258329692818,19937.963,47.26,3874500.0,1.75,2471.65,2363.19,10.59,92.62799999999999,1124.86,1.432,2.121,1.746,2.261,1718.54,259.98,325.89,1139.73,1524.35,2140.7,870.29,1328.78,1552.61,610.08,1956.14,1421.54,303.44,1020.72,926.46,641.89,3124.72,1770.55
2017-09-30,254000.0,100.7,625.0,60.1,4.1,13762.3,3.56,2.44258329692818,19937.963,50.59,3829900.0,1.75,2529.12,2433.81,9.45,93.405,1146.62,1.631,2.342,1.8869999999999998,2.37,1766.18,248.51,314.01,1047.21,1531.89,2300.31,851.5,1258.95,1556.94,572.37,2062.46,1391.14,272.16,951.09,916.31,663.4,3278.71,1785.66
2017-10-31,239000.0,98.5,718.0,60.1,4.2,13795.4,3.51,2.44258329692818,20242.215,54.36,3907700.0,1.75,2575.26,2523.43,10.18,94.429,1118.42,1.726,2.378,2.161,2.568,1846.27,260.65,339.38,1071.36,1546.37,2427.37,872.47,1342.76,1674.05,602.11,2153.34,1426.44,297.28,1084.54,1017.4,701.8,3723.54,2030.9
2017-11-30,230000.0,95.9,658.0,60.1,4.1,13820.2,3.61,2.44258329692818,20242.215,57.4,3851000.0,2.0,2647.58,2476.37,11.28,93.00200000000001,1088.13,1.8969999999999998,2.415,2.075,2.475,1813.26,259.33,316.71,1070.47,1567.03,2317.32,861.29,1390.0,1685.96,566.47,2299.8,1549.75,308.81,1088.67,1184.47,747.74,4419.41,2124.39
2017-12-31,249000.0,95.7,610.0,60.2,4.0,13846.7,3.63,2.44258329692818,20242.215,60.46,3824800.0,2.0,2673.61,2479.65,11.04,91.82600000000001,1067.38,1.973,2.405,2.134,2.467,1867.01,257.23,266.32,1063.79,1573.35,2365.54,875.83,1370.34,1641.05,557.22,2433.08,1570.43,312.85,1021.72,1169.13,758.74,4710.8,2236.05
2018-01-31,224000.0,99.7,644.0,60.4,4.1,13893.6,3.29,1.8122100752601498,20552.653000000002,64.82,3855100.0,2.0,2823.81,2566.46,13.54,88.954,1070.08,2.292,2.713,2.274,2.7689999999999997,1852.58,293.5,322.42,1130.74,1687.1,2364.0,943.18,1361.94,1665.94,606.82,2698.23,1530.74,358.93,1167.64,1236.01,763.66,5919.41,2347.57
2018-02-28,226000.0,101.4,680.0,60.4,4.0,13947.7,3.47,1.8122100752601498,20552.653000000002,61.43,3800600.0,2.25,2713.83,2427.36,19.85,90.551,1085.21,2.412,2.864,2.266,2.736,1640.06,259.32,299.65,1055.91,1599.46,2217.97,883.92,1263.38,1570.83,559.96,2444.99,1452.44,338.41,1146.65,1140.09,752.11,5391.84,2320.26
2018-03-31,235000.0,98.8,658.0,60.4,4.0,13991.0,3.72,1.8122100752601498,20552.653000000002,63.05,3727100.0,2.25,2581.88,2444.16,23.62,89.706,1057.16,2.397,2.761,2.217,2.622,1663.43,269.76,307.94,978.76,1582.78,2316.83,835.97,1283.83,1545.14,583.48,2479.83,1452.45,302.01,1070.63,1348.48,741.42,5452.04,2525.35
2018-04-30,210000.0,98.0,680.0,60.5,3.8,14017.8,3.46,1.8122100752601498,20742.723,68.56,3674800.0,2.25,2648.05,2515.38,15.93,91.63,1070.45,2.6289999999999996,2.955,2.2159999999999997,2.7119999999999997,1558.34,328.5,313.7,1028.47,1529.76,2269.11,860.62,1342.78,1612.42,586.69,2359.42,1376.73,312.24,1202.73,1657.5,710.29,4963.3,2223.91
2018-05-31,221000.0,98.2,598.0,60.5,4.0,14108.4,3.63,1.8122100752601498,20742.723,66.98,3650500.0,2.5,2705.27,2423.01,15.43,93.959,1080.59,2.5580000000000003,2.86,2.1959999999999997,2.694,1527.32,341.72,337.49,969.36,1469.55,2282.37,782.05,1290.06,1482.04,557.77,2295.4,1449.98,294.03,1102.58,1721.01,710.45,4924.58,2249.81
2018-06-30,229000.0,97.9,600.0,60.6,3.8,14157.4,3.71,1.8122100752601498,20742.723,73.89,3618300.0,2.5,2726.71,2271.54,15.6,94.779,1118.88,2.6189999999999998,2.8560000000000003,2.122,2.555,1614.21,290.48,290.92,891.27,1420.8,2232.92,779.74,1334.35,1424.54,517.15,2176.63,1359.88,262.84,898.33,1430.78,646.59,4743.98,2377.38
2018-07-31,217000.0,96.2,582.0,60.3,3.8,14171.6,3.46,1.8122100752601498,20909.853,69.88,3584500.0,2.5,2816.29,2295.26,12.83,94.275,1113.25,2.7689999999999997,2.9619999999999997,2.1180000000000003,2.54,1621.35,294.4,287.21,889.44,1457.09,2236.66,783.89,1270.44,1445.01,503.41,2068.89,1405.83,257.72,763.88,1237.85,641.38,4135.96,2134.1
2018-08-31,209000.0,100.1,584.0,60.4,3.7,14242.0,3.49,1.8122100752601498,20909.853,69.84,3559800.0,2.75,2901.52,2322.88,12.86,95.083,1115.63,2.694,2.86,1.92,2.312,1623.34,297.49,304.3,896.51,1425.92,2258.71,765.18,1243.05,1433.31,503.91,2323.92,1506.39,266.76,766.83,1395.98,644.1,4621.36,2581.81
2018-09-30,212000.0,98.6,546.0,60.5,3.8,14260.9,3.28,1.8122100752601498,20909.853,75.37,3520900.0,2.75,2924.59,2338.88,12.0,94.929,1113.76,2.8939999999999997,3.069,2.002,2.355,1684.13,316.98,341.19,897.05,1462.68,2156.81,802.99,1277.74,1485.49,509.03,2454.9,1585.45,266.33,838.24,1446.31,602.46,4868.91,2703.32
2018-10-31,216000.0,97.5,618.0,60.5,3.8,14238.1,3.81,1.8122100752601498,21115.308999999997,65.31,3476300.0,2.75,2711.74,2029.69,21.23,96.90100000000001,1142.02,2.928,3.1489999999999996,1.939,2.241,1524.88,251.85,287.3,730.77,1342.86,1923.32,729.34,1117.14,1241.49,453.36,1805.81,1375.71,225.55,678.56,1229.13,525.1,3573.44,2156.77
2018-11-30,225000.0,98.3,566.0,60.5,3.9,14315.3,4.29,1.8122100752601498,21115.308999999997,50.78,3400700.0,3.0,2760.17,2096.86,18.07,97.196,1120.44,2.8110000000000004,2.9930000000000003,1.899,2.105,1712.07,280.34,314.23,773.8,1355.99,2006.06,724.71,1205.84,1275.88,484.83,1999.02,1333.71,221.61,708.89,1292.52,517.61,3980.0,2481.61
2018-12-31,218000.0,91.2,628.0,60.7,4.0,14426.5,5.33,1.8122100752601498,21115.308999999997,45.15,3346900.0,3.0,2506.85,2010.0,25.42,95.735,1114.3,2.459,2.6860000000000004,1.8230000000000002,1.956,1597.43,286.36,309.08,778.62,1304.24,1864.32,703.99,1216.72,1310.55,487.83,2081.44,1232.0,213.01,686.23,1275.51,496.64,4013.48,2442.92
2019-01-31,233000.0,93.8,675.0,60.7,3.8,14470.2,4.37,1.23358439630637,21329.877,53.84,3353500.0,3.0,2704.1,2204.85,16.57,95.304,1112.4,2.439,2.633,1.81,2.002,1578.04,302.33,334.99,848.43,1378.81,2084.36,736.07,1232.34,1440.74,515.67,2083.24,1271.23,220.62,718.92,1344.25,530.11,4043.1,2360.8
2019-02-28,220000.0,98.4,721.0,60.7,3.8,14500.1,3.92,1.23358439630637,21329.877,57.21,3381500.0,3.0,2784.49,2195.44,14.78,96.04299999999999,1125.9,2.497,2.717,1.8130000000000002,1.9869999999999999,1598.73,284.3,316.43,852.83,1411.12,2097.84,731.21,1262.25,1435.88,528.12,2125.84,1341.03,221.89,755.12,1385.5,557.56,4154.27,2398.96
2019-03-31,203000.0,97.2,689.0,60.6,3.7,14562.2,4.05,1.23358439630637,21329.877,61.59,3286700.0,3.0,2867.19,2168.28,13.4,96.79899999999999,1133.72,2.237,2.428,1.69,1.83,1593.06,281.01,290.2,817.17,1333.83,2096.45,702.91,1244.19,1389.51,495.71,1936.39,1267.95,224.73,756.38,1305.95,555.91,4003.4,2270.31
2019-04-30,225000.0,100.0,619.0,60.6,3.7,14617.2,3.73,1.23358439630637,21540.325,63.83,3244500.0,3.0,2945.83,2203.59,13.12,97.20100000000001,1163.25,2.242,2.504,1.7,1.845,1614.84,281.2,293.1,817.12,1313.17,2155.94,731.24,1236.59,1514.94,513.48,2001.88,1237.11,238.11,774.93,1294.05,580.63,4004.45,2311.36
2019-05-31,220000.0,98.2,711.0,60.7,3.6,14739.3,4.59,1.23358439630637,21540.325,53.49,3274800.0,3.0,2752.06,2041.74,18.71,97.666,1187.8,1.879,2.133,1.587,1.682,1559.14,268.08,276.16,747.55,1216.48,1972.58,703.86,1119.25,1377.66,494.22,1815.46,1138.16,215.83,682.77,1145.67,551.51,3408.44,2170.62
2019-06-30,205000.0,98.4,636.0,60.8,3.6,14844.2,4.07,1.23358439630637,21540.325,58.91,3260300.0,3.0,2964.33,2129.74,14.06,96.40899999999999,1160.77,1.761,2.045,1.465,1.595,1598.02,280.69,288.04,789.61,1239.58,2095.37,724.73,1118.98,1430.93,500.21,1845.31,1122.0,222.09,659.07,1038.23,557.11,3089.08,2134.36
2019-07-31,214000.0,89.8,677.0,60.8,3.7,14932.6,3.93,1.23358439630637,21747.394,58.53,3271400.0,2.75,2980.38,2024.55,16.12,98.258,1187.32,1.824,2.0069999999999997,1.294,1.391,1583.38,245.18,264.91,735.4,1206.37,2047.88,683.91,1070.08,1365.4,496.23,1578.47,1173.37,202.36,609.26,922.17,535.61,2853.91,1854.69
2019-08-31,218000.0,93.2,706.0,60.9,3.5,14984.6,4.13,1.23358439630637,21747.394,55.07,3202700.0,2.5,2906.27,1969.19,19.66,98.86,1213.61,1.4269999999999998,1.506,1.195,1.295,1634.32,234.12,268.58,691.06,1157.53,2007.34,630.39,1023.29,1350.03,498.89,1520.63,1181.4,194.52,564.03,955.47,530.11,2521.42,1842.71
2019-09-30,212000.0,95.5,703.0,60.9,3.6,15098.0,4.02,1.23358439630637,21747.394,54.09,3252800.0,2.25,2976.74,2063.05,16.24,99.021,1198.09,1.5619999999999998,1.6680000000000001,1.297,1.456,1660.87,247.25,288.31,722.53,1152.51,2082.81,658.17,1073.83,1398.85,504.17,1572.15,1185.06,193.99,584.26,1023.8,567.77,2330.28,1920.15
2019-10-31,211000.0,96.8,700.0,61.0,3.6,15224.8,4.15,1.23358439630637,21561.139,54.02,3315600.0,2.25,3037.56,2083.48,13.22,97.154,1169.24,1.516,1.6880000000000002,1.4669999999999999,1.7280000000000002,1663.97,235.78,267.26,662.07,1188.3,2123.36,638.93,1088.45,1357.23,494.31,1841.97,1248.97,188.1,606.86,1334.7,582.19,2742.02,2052.48
2019-11-30,219000.0,99.3,733.0,61.0,3.6,15293.1,4.02,1.23358439630637,21561.139,55.97,3426500.0,2.25,3113.87,2091.92,14.91,97.791,1184.78,1.6219999999999999,1.795,1.3869999999999998,1.635,1702.83,231.65,260.67,671.64,1164.28,2132.97,668.86,1104.19,1362.97,489.12,1776.53,1158.17,190.9,580.12,1137.71,568.12,2561.51,1970.34
2019-12-31,210000.0,99.8,756.0,61.1,3.5,15350.8,3.6,1.23358439630637,21561.139,61.14,3442600.0,2.25,3230.78,2175.17,13.78,96.05799999999999,1154.07,1.609,1.919,1.355,1.672,1766.82,236.68,268.57,686.84,1201.41,2324.53,681.29,1106.86,1401.43,489.79,1897.92,1278.8,198.81,554.83,1157.66,637.34,2876.16,2054.24
2020-01-31,205000.0,101.0,730.0,61.1,3.5,15442.8,4.03,1.23358439630637,19520.113999999998,51.58,3454500.0,2.25,3225.52,2119.01,18.84,97.213,1194.97,1.297,1.505,1.2990000000000002,1.555,1763.41,211.57,238.15,618.55,1099.07,2355.16,613.84,1052.96,1326.24,452.38,1812.92,1279.97,192.94,509.24,1010.07,600.55,2662.58,1985.58
2020-02-29,216000.0,89.1,623.0,59.9,4.4,15524.8,5.06,,19520.113999999998,46.78,3883100.0,0.25,3090.23,2002.51,33.42,97.319,1189.61,0.82,1.103,1.1,1.327,1737.45,189.09,216.95,582.4,1025.89,2260.92,550.61,960.84,1203.52,398.95,1730.37,1196.17,191.74,486.31,949.17,560.5,2688.86,1826.77
2020-03-31,6149000.0,71.8,582.0,51.3,14.8,16609.7,8.77,,19520.113999999998,20.51,4844900.0,0.25,2584.59,1754.64,53.54,99.09200000000001,1218.3,0.295,0.6679999999999999,1.07,1.55,1612.88,155.09,160.82,473.64,877.32,1954.66,455.59,892.06,963.96,330.89,1963.24,987.99,152.6,426.41,793.55,498.52,3191.68,1620.54
2020-04-30,2784000.0,72.3,704.0,52.8,13.3,17613.3,7.63,,21170.252,19.23,5149400.0,0.25,2912.43,1895.37,34.15,99.02799999999999,1212.94,0.253,0.6459999999999999,1.01,1.517,1818.4,188.61,188.37,541.82,1018.26,2118.17,499.8,1042.92,1079.03,383.44,2071.29,1176.71,181.43,520.53,958.27,568.28,3135.66,1914.09
2020-05-31,1537000.0,78.1,839.0,54.6,11.1,17985.0,6.54,,21170.252,35.49,5001800.0,0.25,3055.73,2065.08,28.23,97.82,1222.92,0.18899999999999997,0.6409999999999999,0.809,1.365,2076.43,196.41,204.98,538.92,1101.56,2274.64,500.41,1038.28,1130.24,406.22,2158.17,1267.53,214.54,547.11,976.86,613.22,3559.49,2010.52
2020-06-30,1398000.0,72.5,972.0,55.2,10.2,18338.2,6.44,,21170.252,39.27,4700300.0,0.25,3100.29,2108.33,30.43,97.34899999999999,1199.28,0.17600000000000002,0.6579999999999999,0.84,1.369,2213.57,189.47,219.03,508.26,1236.01,2354.26,480.25,1004.22,1120.05,378.34,2581.3,1448.72,207.51,537.0,905.27,639.42,4011.48,2163.49
2020-07-31,1043000.0,74.1,977.0,56.5,8.4,18252.1,5.16,,21494.731,40.1,4807400.0,0.25,3271.12,2249.37,24.46,93.321,1193.59,0.11699999999999999,0.5329999999999999,0.7959999999999999,1.297,2434.07,197.14,227.75,581.82,1289.7,2491.1,502.75,1023.38,1225.92,398.33,2718.58,1648.83,231.56,565.09,902.44,729.44,4482.73,2343.55
2020-08-31,881000.0,80.4,971.0,56.6,7.8,18441.2,5.02,,21494.731,42.61,4880300.0,0.25,3500.31,2326.17,26.41,92.131,1187.94,0.149,0.706,0.94,1.5130000000000001,2706.71,200.91,227.55,567.34,1504.77,2538.83,523.32,1058.13,1388.34,404.77,2972.75,1672.14,233.81,564.63,908.34,725.51,4925.75,2388.38
2020-09-30,782000.0,81.8,969.0,57.4,6.9,18647.5,5.41,,21494.731,40.05,4917100.0,0.25,3363.0,2358.0,26.37,93.927,1164.65,0.16,0.6859999999999999,0.8420000000000001,1.4269999999999998,2553.98,189.57,224.08,559.01,1407.1,2634.34,519.47,1049.06,1421.19,417.39,2676.69,1636.03,227.37,538.83,1000.51,726.01,4609.61,2543.47
2020-10-31,765000.0,76.9,865.0,57.4,6.7,18834.7,5.32,,22061.025,36.6,5093000.0,0.25,3310.24,2300.16,37.13,94.145,1132.95,0.19399999999999998,0.8590000000000001,0.935,1.5519999999999998,2336.05,190.56,219.98,586.68,1399.55,2546.36,543.79,1021.1,1389.77,428.65,2541.45,1519.37,217.32,498.36,952.52,655.46,4231.68,2283.07
2020-11-30,853000.0,80.7,943.0,57.4,6.7,18919.4,4.33,,22061.025,45.2,5206500.0,0.25,3621.63,2591.34,20.57,91.85799999999999,1109.32,0.18899999999999997,0.8420000000000001,0.9840000000000001,1.6569999999999998,2465.07,212.89,271.11,650.45,1704.01,2920.19,598.03,1074.26,1536.35,490.32,3094.32,1701.1,240.0,517.01,999.99,735.3,4790.42,2477.06
2020-12-31,781000.0,79.0,993.0,57.5,6.3,19081.0,3.86,,22061.025,48.35,5248000.0,0.25,3756.07,2944.45,22.75,89.89399999999999,1084.47,0.168,0.9159999999999999,0.97,1.722,2593.9,239.93,272.42,737.2,1798.11,3556.86,600.92,1162.1,1651.06,517.48,3178.49,1937.26,261.84,661.13,1025.02,812.05,5578.37,2684.58
2021-01-31,863000.0,76.8,854.0,57.6,6.2,19417.7,3.84,,22061.025,53.55,5446900.0,0.25,3773.86,3056.53,30.24,90.975,1116.51,0.17300000000000001,1.071,0.972,1.765,2787.06,251.17,248.97,715.89,2121.47,3906.22,564.49,1144.47,1875.36,553.67,2860.55,1860.46,273.46,591.22,1039.91,805.9,4795.26,2670.55
2021-02-28,734000.0,84.9,917.0,57.8,6.0,19417.7,3.57,,,60.54,5839100.0,0.25,3901.82,3043.87,23.35,91.036,1113.33,0.268,1.395,1.02,1.97,2899.23,262.9,264.92,780.58,2049.42,3902.12,604.09,1154.65,1857.28,588.39,2633.47,1918.48,263.42,804.16,1014.59,779.11,4354.98,2714.4
2021-03-31,742000.0,88.3,863.0,57.9,6.1,,3.36,,,59.19,6042100.0,0.25,3972.89,3061.42,19.4,93.236,1127.17,0.349,1.744,1.133,2.057,2967.2,283.88,311.0,879.5,2015.47,3819.53,683.92,1195.61,1861.53,644.62,2586.82,1947.02,271.62,765.29,1068.12,809.24,4576.53,2935.03
2021-04-30,507000.0,88.3,863.0,57.9,6.1,,3.28,,,63.5,6042100.0,,4181.17,3147.86,18.61,91.27,1117.16,0.332,1.626,1.141,2.128,3063.68,306.97,340.42,1066.43,2163.84,3884.77,717.88,1202.08,1824.52,685.04,2523.31,2139.96,269.1,757.22,1051.88,829.94,4387.81,2813.59
2021-05-31,406000.0,,,,,,3.3,,,66.13,,,4204.11,3188.73,16.76,89.993,1113.08,0.292,1.581,1.162,2.1319999999999997,3226.28,313.41,341.16,1025.65,2096.41,3763.3,736.4,1263.95,1920.72,769.08,2539.48,2028.84,262.18,796.94,1123.11,797.4,4252.89,2933.64
